target,zero_shot_f1_macro,few_shot_k20_f1_macro,supervised_f1_macro,absolute_gap_zs_to_sup,transfer_ratio_zs_over_sup,few_shot_recovers_pct_of_gap
twi,0.375106198867212,0.3795184571701198,0.452308166263804,0.07720196739659196,0.8293155570585813,5.71521484710574
pcm,0.5844525900762515,0.5927628501691071,0.6553650658560051,0.07091247577975357,0.8917969854143335,11.719038154395271
